activity_id,activity_name,task_id,task_name,level,start,finish,duration_hours,element_count,wbs_name,wbs_code
A1070_Basement_Site,A1070 Install Construction Fencing | Basement / Site,A1070,Install Construction Fencing,Basement / Site,2029-10-01 09:00:00.000000000,2029-10-04 11:00:00.000000000,74.0,1,SITE PREPARATION & DEMOLITION,project.SITE PREPARATION & DEMOLITION
A1080_Basement_Site,A1080 Install Site Office & Welfare Units | Basement / Site,A1080,Install Site Office & Welfare Units,Basement / Site,2029-10-04 11:00:00.000000000,2029-10-10 14:00:00.000000000,147.0,1,SITE PREPARATION & DEMOLITION,project.SITE PREPARATION & DEMOLITION
A1090_Basement_Site,A1090 Temporary Water Installation | Basement / Site,A1090,Temporary Water Installation,Basement / Site,2029-10-04 11:00:00.000000000,2029-10-09 13:00:00.000000000,122.0,1,SITE PREPARATION & DEMOLITION,project.SITE PREPARATION & DEMOLITION
A1100_Basement_Site,A1100 Temporary Power Installation | Basement / Site,A1100,Temporary Power Installation,Basement / Site,2029-10-04 11:00:00.000000000,2029-10-10 14:00:00.000000000,147.0,1,SITE PREPARATION & DEMOLITION,project.SITE PREPARATION & DEMOLITION
A1110_Basement_Site,A1110 Tree Removal & Clearing | Basement / Site,A1110,Tree Removal & Clearing,Basement / Site,2029-10-04 11:00:00.000000000,2029-10-11 15:00:00.000000000,172.0,1,SITE PREPARATION & DEMOLITION,project.SITE PREPARATION & DEMOLITION
A1120_Basement_Site,A1120 Bleacher Demolition | Basement / Site,A1120,Bleacher Demolition,Basement / Site,2029-10-04 11:00:00.000000000,2029-10-15 17:00:00.000000000,270.0,1,SITE PREPARATION & DEMOLITION,project.SITE PREPARATION & DEMOLITION
A1140_Basement_Site,A1140 Crane Pad Construction | Basement / Site,A1140,Crane Pad Construction,Basement / Site,2029-10-04 11:00:00.000000000,2029-10-11 15:00:00.000000000,172.0,1,SITE PREPARATION & DEMOLITION,project.SITE PREPARATION & DEMOLITION
A1150_Basement_Site,A1150 Laydown Area Preparation | Basement / Site,A1150,Laydown Area Preparation,Basement / Site,2029-10-16 09:00:00.000000000,2029-10-16 17:00:00.000000000,8.0,1,SITE PREPARATION & DEMOLITION,project.SITE PREPARATION & DEMOLITION
A1170_Basement_Site,A1170 Full Basement Excavation | Basement / Site,A1170,Full Basement Excavation,Basement / Site,2029-10-17 09:00:00.000000000,2029-10-26 15:00:00.000000000,222.0,1,EARTHWORK & BASEMENT,project.EARTHWORK & BASEMENT
A1180_Basement_Site,A1180 Shoring / Stabilization | Basement / Site,A1180,Shoring / Stabilization,Basement / Site,2029-10-26 15:00:00.000000000,2029-11-05 11:00:00.000000000,236.0,1,EARTHWORK & BASEMENT,project.EARTHWORK & BASEMENT
A1190_Basement_Site,A1190 Subgrade Preparation | Basement / Site,A1190,Subgrade Preparation,Basement / Site,2029-11-05 11:00:00.000000000,2029-11-09 14:00:00.000000000,99.0,1,EARTHWORK & BASEMENT,project.EARTHWORK & BASEMENT
A1200_L_M1,A1200 Footings - Form/Rebar/Pour | L -1,A1200,Footings - Form/Rebar/Pour,L -1,2029-11-09 14:00:00.000000000,2029-11-12 09:06:24.000000000,67.10666666666667,29,EARTHWORK & BASEMENT,project.EARTHWORK & BASEMENT
A1220_L_M1,A1220 Basement Retaining Walls | L -1,A1220,Basement Retaining Walls,L -1,2029-11-12 09:00:00.000000000,2029-11-12 12:40:24.000000000,3.6733333333333333,1,EARTHWORK & BASEMENT,project.EARTHWORK & BASEMENT
A1200_L_0,A1200 Footings - Form/Rebar/Pour | L 0,A1200,Footings - Form/Rebar/Pour,L 0,2029-11-12 09:06:24.000000000,2029-11-12 09:38:24.000000000,0.5333333333333333,5,EARTHWORK & BASEMENT,project.EARTHWORK & BASEMENT
A1200_Unassigned,A1200 Footings - Form/Rebar/Pour | Unassigned,A1200,Footings - Form/Rebar/Pour,Unassigned,2029-11-12 09:38:24.000000000,2029-11-12 10:38:24.000000000,1.0,1,EARTHWORK & BASEMENT,project.EARTHWORK & BASEMENT
A1230_Basement_Site,A1230 Waterproofing & Drainage | Basement / Site,A1230,Waterproofing & Drainage,Basement / Site,2029-11-19 12:40:24.000000000,2029-11-26 16:40:23.999999999,171.9999999997222,1,EARTHWORK & BASEMENT,project.EARTHWORK & BASEMENT
A1270_L_M1,A1270 Foundational Columns | L -1,A1270,Foundational Columns,L -1,2029-11-19 12:40:24.000000000,2029-11-19 13:45:51.600000000,1.091,34,EARTHWORK & BASEMENT,project.EARTHWORK & BASEMENT
A1210_L_M1,A1210 Grade Beams | L -1,A1210,Grade Beams,L -1,2029-11-19 13:45:51.600000000,2029-11-20 16:47:50.879999994,27.033133333055556,43,EARTHWORK & BASEMENT,project.EARTHWORK & BASEMENT
A1210_L_0,A1210 Grade Beams | L 0,A1210,Grade Beams,L 0,2029-11-21 09:00:00.000000000,2029-11-21 11:20:51.840000000,2.3477333333333332,6,EARTHWORK & BASEMENT,project.EARTHWORK & BASEMENT
A1240_L_0,A1240 Basement Slab on Grade | L 0,A1240,Basement Slab on Grade,L 0,2029-11-21 11:20:51.840000000,2029-11-22 14:39:56.880000000,27.318066666666663,1,EARTHWORK & BASEMENT,project.EARTHWORK & BASEMENT
A1280_L_M1,A1280 Rocking Walls | L -1,A1280,Rocking Walls,L -1,2029-11-22 14:39:56.880000000,2029-11-26 12:00:00.000000000,93.3342,13,EARTHWORK & BASEMENT,project.EARTHWORK & BASEMENT
A1280_L_0,A1280 Rocking Walls | L 0,A1280,Rocking Walls,L 0,2029-11-26 12:00:00.000000000,2029-11-26 16:00:00.000000000,4.0,4,EARTHWORK & BASEMENT,project.EARTHWORK & BASEMENT
A1330_L_M1,A1330 Frame: Columns | L -1,A1330,Frame: Columns,L -1,2029-11-26 16:00:00.000000000,2029-11-28 09:20:00.000000000,41.333333333333336,28,SUPERSTRUCTURE,project.SUPERSTRUCTURE – ZONE A
A1250_Basement_Site,A1250 Underground Utilities | Basement / Site,A1250,Underground Utilities,Basement / Site,2029-11-26 16:40:23.999999999,2029-12-06 14:40:23.999999999,238.0,1,EARTHWORK & BASEMENT,project.EARTHWORK & BASEMENT
A1350_L_0,A1350 Frame: Beams | L 0,A1350,Frame: Beams,L 0,2029-11-28 09:20:00.000000000,2029-11-28 16:00:00.000000000,6.666666666666667,20,SUPERSTRUCTURE,project.SUPERSTRUCTURE – ZONE A
A1340_L_0,A1340 Floor | L 0,A1340,Floor,L 0,2029-11-28 16:00:00.000000000,2029-11-30 13:20:00.000000000,45.333333333333336,40,SUPERSTRUCTURE,project.SUPERSTRUCTURE – ZONE A
A1600_L_M1,A1600 Exterior Wall Install | L -1,A1600,Exterior Wall Install,L -1,2029-11-30 13:20:00.000000000,2029-11-30 21:20:00.000000000,8.0,98,ENVELOPE,project.ENVELOPE
A1330_L_0,A1330 Frame: Columns | L 0,A1330,Frame: Columns,L 0,2029-12-03 09:00:00.000000000,2029-12-04 12:40:00.000000000,27.666666666666668,35,SUPERSTRUCTURE,project.SUPERSTRUCTURE – ZONE A
A1690_L_M1,A1690 MEP Rough-In | L -1,A1690,MEP Rough-In,L -1,2029-12-03 09:00:00.000000000,2029-12-10 14:40:00.000000000,173.66666666666666,409,MEP INSTALLATION,project.MEP INSTALLATION
A1740_L_M1,A1740 Interior Walls | L -1,A1740,Interior Walls,L -1,2029-12-03 09:00:00.000000000,2029-12-05 14:00:00.000000000,53.0,42,INTERIOR,project.INTERIOR FINISHES
A1350_L_1,A1350 Frame: Beams | L 1,A1350,Frame: Beams,L 1,2029-12-04 12:40:00.000000000,2029-12-05 01:40:00.000000000,13.0,39,SUPERSTRUCTURE,project.SUPERSTRUCTURE – ZONE A
A1340_L_1,A1340 Floor | L 1,A1340,Floor,L 1,2029-12-05 09:00:00.000000000,2029-12-07 10:40:00.000000000,49.666666666666664,53,SUPERSTRUCTURE,project.SUPERSTRUCTURE – ZONE A
A1760_L_M1,A1760 Ceiling Installation | L -1,A1760,Ceiling Installation,L -1,2029-12-05 14:00:00.000000000,2029-12-05 14:30:00.000000000,0.5,1,INTERIOR,project.INTERIOR FINISHES
A1260_Basement_Site,A1260 Backfill & Compaction | Basement / Site,A1260,Backfill & Compaction,Basement / Site,2029-12-06 14:40:23.999999999,2029-12-14 10:40:23.999999999,188.0,1,EARTHWORK & BASEMENT,project.EARTHWORK & BASEMENT
A1600_L_0,A1600 Exterior Wall Install | L 0,A1600,Exterior Wall Install,L 0,2029-12-07 10:40:00.000000000,2029-12-07 22:10:00.000000000,11.5,293,ENVELOPE,project.ENVELOPE
A1330_L_1,A1330 Frame: Columns | L 1,A1330,Frame: Columns,L 1,2029-12-10 09:00:00.000000000,2029-12-11 12:40:00.000000000,27.666666666666668,35,SUPERSTRUCTURE,project.SUPERSTRUCTURE – ZONE A
A1690_L_0,A1690 MEP Rough-In | L 0,A1690,MEP Rough-In,L 0,2029-12-10 09:00:00.000000000,2029-12-13 16:40:00.000000000,79.66666666666667,284,MEP INSTALLATION,project.MEP INSTALLATION
A1740_L_0,A1740 Interior Walls | L 0,A1740,Interior Walls,L 0,2029-12-10 09:00:00.000000000,2029-12-12 14:00:00.000000000,53.0,42,INTERIOR,project.INTERIOR FINISHES
A1350_Roof,A1350 Frame: Beams | Roof,A1350,Frame: Beams,Roof,2029-12-11 12:40:00.000000000,2029-12-12 06:40:00.000000000,18.0,54,SUPERSTRUCTURE,project.SUPERSTRUCTURE – ZONE A
A1420_Roof,A1420 Roof | Roof,A1420,Roof,Roof,2029-12-12 09:00:00.000000000,2029-12-17 09:20:00.000000000,120.33333333333333,73,SUPERSTRUCTURE,project.SUPERSTRUCTURE – ZONE A
A1600_L_1,A1600 Exterior Wall Install | L 1,A1600,Exterior Wall Install,L 1,2029-12-17 09:20:00.000000000,2029-12-17 22:20:00.000000000,13.0,334,ENVELOPE,project.ENVELOPE
A1690_L_1,A1690 MEP Rough-In | L 1,A1690,MEP Rough-In,L 1,2029-12-18 09:00:00.000000000,2029-12-31 14:20:00.000000000,317.3333333333333,694,MEP INSTALLATION,project.MEP INSTALLATION
A1740_L_1,A1740 Interior Walls | L 1,A1740,Interior Walls,L 1,2029-12-18 09:00:00.000000000,2029-12-25 14:30:00.000000000,173.5,91,INTERIOR,project.INTERIOR FINISHES
A1760_L_1,A1760 Ceiling Installation | L 1,A1760,Ceiling Installation,L 1,2029-12-25 14:30:00.000000000,2029-12-25 16:00:00.000000000,1.5,3,INTERIOR,project.INTERIOR FINISHES
A1590_L_1,A1590 Glass Install + Glazing | L 1,A1590,Glass Install + Glazing,L 1,2029-12-31 14:20:00.000000000,2030-01-09 10:45:00.000000000,212.41666666666666,209,ENVELOPE,project.ENVELOPE
A1610_L_1,A1610 Mesh Install | L 1,A1610,Mesh Install,L 1,2030-01-09 10:45:00.000000000,2030-01-16 17:00:00.000000000,174.25,92,ENVELOPE,project.ENVELOPE
A1670_Basement_Site,A1670 Mechanical Room Buildout | Basement / Site,A1670,Mechanical Room Buildout,Basement / Site,2030-01-17 09:00:00.000000000,2030-02-07 14:00:00.000000000,509.0,1,MEP INSTALLATION,project.MEP INSTALLATION
A1680_Basement_Site,A1680 Main Electrical & Riser Install | Basement / Site,A1680,Main Electrical & Riser Install,Basement / Site,2030-02-07 14:00:00.000000000,2030-03-01 11:00:00.000000000,525.0,1,MEP INSTALLATION,project.MEP INSTALLATION
