sequence,takt_zone_id,level,rooms,task,crew,quantity,quantity_unit,productivity_rate,productivity_unit,duration_hours,start_hour,finish_hour,idle_before_hours,start,finish
1,L 1 Takt Zone 1,L 1,L 1 Room 168; L 1 Room 169,Interior Walls,interior_walls_crew,3.0,EA,1.0,EA/crew-hour,3.0,0.0,3.0,0.0,2030-01-02T09:00,2030-01-02T12:00
1,L 1 Takt Zone 1,L 1,L 1 Room 168; L 1 Room 169,MEP,mep_rough_in_crew,5.0,EA,1.0,EA/crew-hour,5.0,3.0,8.0,3.0,2030-01-02T12:00,2030-01-02T17:00
1,L 1 Takt Zone 1,L 1,L 1 Room 168; L 1 Room 169,Ceiling,ceiling_crew,2.0,EA,1.0,EA/crew-hour,2.0,8.0,10.0,8.0,2030-01-02T17:00,2030-01-03T10:00
1,L 1 Takt Zone 1,L 1,L 1 Room 168; L 1 Room 169,Doors,doors_crew,3.0,EA,1.0,EA/crew-hour,3.0,10.0,13.0,10.0,2030-01-03T10:00,2030-01-03T13:00
1,L 1 Takt Zone 1,L 1,L 1 Room 168; L 1 Room 169,Interior Finishes,interior_finishes_crew,275.0,SF,50.0,SF/crew-hour,5.5,13.0,18.5,13.0,2030-01-03T13:00,2030-01-04T09:30
2,L 1 Takt Zone 2,L 1,L 1 Room 170; L 1 Room 171,Interior Walls,interior_walls_crew,3.0,EA,1.0,EA/crew-hour,3.0,3.0,6.0,0.0,2030-01-02T12:00,2030-01-02T15:00
2,L 1 Takt Zone 2,L 1,L 1 Room 170; L 1 Room 171,MEP,mep_rough_in_crew,4.0,EA,1.0,EA/crew-hour,4.0,8.0,12.0,0.0,2030-01-02T17:00,2030-01-03T12:00
2,L 1 Takt Zone 2,L 1,L 1 Room 170; L 1 Room 171,Ceiling,ceiling_crew,2.0,EA,1.0,EA/crew-hour,2.0,12.0,14.0,2.0,2030-01-03T12:00,2030-01-03T14:00
2,L 1 Takt Zone 2,L 1,L 1 Room 170; L 1 Room 171,Doors,doors_crew,2.0,EA,1.0,EA/crew-hour,2.0,14.0,16.0,1.0,2030-01-03T14:00,2030-01-03T16:00
2,L 1 Takt Zone 2,L 1,L 1 Room 170; L 1 Room 171,Interior Finishes,interior_finishes_crew,343.0,SF,50.0,SF/crew-hour,6.86,18.5,25.36,0.0,2030-01-04T09:30,2030-01-04T16:21
3,L 1 Takt Zone 3,L 1,L 1 Room 172; L 1 Room 173,Interior Walls,interior_walls_crew,4.0,EA,1.0,EA/crew-hour,4.0,6.0,10.0,0.0,2030-01-02T15:00,2030-01-03T10:00
3,L 1 Takt Zone 3,L 1,L 1 Room 172; L 1 Room 173,MEP,mep_rough_in_crew,4.0,EA,1.0,EA/crew-hour,4.0,12.0,16.0,0.0,2030-01-03T12:00,2030-01-03T16:00
3,L 1 Takt Zone 3,L 1,L 1 Room 172; L 1 Room 173,Ceiling,ceiling_crew,2.0,EA,1.0,EA/crew-hour,2.0,16.0,18.0,2.0,2030-01-03T16:00,2030-01-04T09:00
3,L 1 Takt Zone 3,L 1,L 1 Room 172; L 1 Room 173,Doors,doors_crew,2.0,EA,1.0,EA/crew-hour,2.0,18.0,20.0,2.0,2030-01-04T09:00,2030-01-04T11:00
3,L 1 Takt Zone 3,L 1,L 1 Room 172; L 1 Room 173,Interior Finishes,interior_finishes_crew,427.0,SF,50.0,SF/crew-hour,8.54,25.36,33.9,0.0,2030-01-04T16:21,2030-01-05T15:54
4,L 1 Takt Zone 4,L 1,L 1 Room 174; L 1 Room 175,Interior Walls,interior_walls_crew,3.0,EA,1.0,EA/crew-hour,3.0,10.0,13.0,0.0,2030-01-03T10:00,2030-01-03T13:00
4,L 1 Takt Zone 4,L 1,L 1 Room 174; L 1 Room 175,MEP,mep_rough_in_crew,4.0,EA,1.0,EA/crew-hour,4.0,16.0,20.0,0.0,2030-01-03T16:00,2030-01-04T11:00
4,L 1 Takt Zone 4,L 1,L 1 Room 174; L 1 Room 175,Ceiling,ceiling_crew,2.0,EA,1.0,EA/crew-hour,2.0,20.0,22.0,2.0,2030-01-04T11:00,2030-01-04T13:00
4,L 1 Takt Zone 4,L 1,L 1 Room 174; L 1 Room 175,Doors,doors_crew,2.0,EA,1.0,EA/crew-hour,2.0,22.0,24.0,2.0,2030-01-04T13:00,2030-01-04T15:00
4,L 1 Takt Zone 4,L 1,L 1 Room 174; L 1 Room 175,Interior Finishes,interior_finishes_crew,329.0,SF,50.0,SF/crew-hour,6.58,33.9,40.48,0.0,2030-01-05T15:54,2030-01-06T13:28
5,L 1 Takt Zone 5,L 1,L 1 Room 176; L 1 Room 177,Interior Walls,interior_walls_crew,4.0,EA,1.0,EA/crew-hour,4.0,13.0,17.0,0.0,2030-01-03T13:00,2030-01-03T17:00
5,L 1 Takt Zone 5,L 1,L 1 Room 176; L 1 Room 177,MEP,mep_rough_in_crew,4.0,EA,1.0,EA/crew-hour,4.0,20.0,24.0,0.0,2030-01-04T11:00,2030-01-04T15:00
5,L 1 Takt Zone 5,L 1,L 1 Room 176; L 1 Room 177,Ceiling,ceiling_crew,2.0,EA,1.0,EA/crew-hour,2.0,24.0,26.0,2.0,2030-01-04T15:00,2030-01-04T17:00
5,L 1 Takt Zone 5,L 1,L 1 Room 176; L 1 Room 177,Doors,doors_crew,2.0,EA,1.0,EA/crew-hour,2.0,26.0,28.0,2.0,2030-01-04T17:00,2030-01-05T10:00
5,L 1 Takt Zone 5,L 1,L 1 Room 176; L 1 Room 177,Interior Finishes,interior_finishes_crew,461.0,SF,50.0,SF/crew-hour,9.22,40.48,49.7,0.0,2030-01-06T13:28,2030-01-07T13:42
6,L 1 Takt Zone 6,L 1,L 1 Room 178; L 1 Room 180,Interior Walls,interior_walls_crew,3.0,EA,1.0,EA/crew-hour,3.0,17.0,20.0,0.0,2030-01-03T17:00,2030-01-04T11:00
6,L 1 Takt Zone 6,L 1,L 1 Room 178; L 1 Room 180,MEP,mep_rough_in_crew,5.0,EA,1.0,EA/crew-hour,5.0,24.0,29.0,0.0,2030-01-04T15:00,2030-01-05T11:00
6,L 1 Takt Zone 6,L 1,L 1 Room 178; L 1 Room 180,Ceiling,ceiling_crew,2.0,EA,1.0,EA/crew-hour,2.0,29.0,31.0,3.0,2030-01-05T11:00,2030-01-05T13:00
6,L 1 Takt Zone 6,L 1,L 1 Room 178; L 1 Room 180,Doors,doors_crew,2.0,EA,1.0,EA/crew-hour,2.0,31.0,33.0,3.0,2030-01-05T13:00,2030-01-05T15:00
6,L 1 Takt Zone 6,L 1,L 1 Room 178; L 1 Room 180,Interior Finishes,interior_finishes_crew,312.0,SF,50.0,SF/crew-hour,6.24,49.7,55.94,0.0,2030-01-07T13:42,2030-01-08T10:56
7,L 1 Takt Zone 7,L 1,L 1 Room 179; L 1 Room 202,Interior Walls,interior_walls_crew,3.0,EA,1.0,EA/crew-hour,3.0,20.0,23.0,0.0,2030-01-04T11:00,2030-01-04T14:00
7,L 1 Takt Zone 7,L 1,L 1 Room 179; L 1 Room 202,MEP,mep_rough_in_crew,4.0,EA,1.0,EA/crew-hour,4.0,29.0,33.0,0.0,2030-01-05T11:00,2030-01-05T15:00
7,L 1 Takt Zone 7,L 1,L 1 Room 179; L 1 Room 202,Ceiling,ceiling_crew,2.0,EA,1.0,EA/crew-hour,2.0,33.0,35.0,2.0,2030-01-05T15:00,2030-01-05T17:00
7,L 1 Takt Zone 7,L 1,L 1 Room 179; L 1 Room 202,Doors,doors_crew,2.0,EA,1.0,EA/crew-hour,2.0,35.0,37.0,2.0,2030-01-05T17:00,2030-01-06T10:00
7,L 1 Takt Zone 7,L 1,L 1 Room 179; L 1 Room 202,Interior Finishes,interior_finishes_crew,302.0,SF,50.0,SF/crew-hour,6.04,55.94,61.98,0.0,2030-01-08T10:56,2030-01-08T16:58
8,L 1 Takt Zone 9,L 1,L 1 Room 146; L 1 Room 162,Interior Walls,interior_walls_crew,6.0,EA,1.0,EA/crew-hour,6.0,23.0,29.0,0.0,2030-01-04T14:00,2030-01-05T11:00
8,L 1 Takt Zone 9,L 1,L 1 Room 146; L 1 Room 162,MEP,mep_rough_in_crew,5.0,EA,1.0,EA/crew-hour,5.0,33.0,38.0,0.0,2030-01-05T15:00,2030-01-06T11:00
8,L 1 Takt Zone 9,L 1,L 1 Room 146; L 1 Room 162,Ceiling,ceiling_crew,2.0,EA,1.0,EA/crew-hour,2.0,38.0,40.0,3.0,2030-01-06T11:00,2030-01-06T13:00
8,L 1 Takt Zone 9,L 1,L 1 Room 146; L 1 Room 162,Doors,doors_crew,2.0,EA,1.0,EA/crew-hour,2.0,40.0,42.0,3.0,2030-01-06T13:00,2030-01-06T15:00
8,L 1 Takt Zone 9,L 1,L 1 Room 146; L 1 Room 162,Interior Finishes,interior_finishes_crew,797.0,SF,50.0,SF/crew-hour,15.94,61.98,77.92,0.0,2030-01-08T16:58,2030-01-10T14:55
9,L 1 Takt Zone 10,L 1,L 1 Room 142; L 1 Room 143,Interior Walls,interior_walls_crew,2.0,EA,1.0,EA/crew-hour,2.0,29.0,31.0,0.0,2030-01-05T11:00,2030-01-05T13:00
9,L 1 Takt Zone 10,L 1,L 1 Room 142; L 1 Room 143,MEP,mep_rough_in_crew,5.0,EA,1.0,EA/crew-hour,5.0,38.0,43.0,0.0,2030-01-06T11:00,2030-01-06T16:00
9,L 1 Takt Zone 10,L 1,L 1 Room 142; L 1 Room 143,Ceiling,ceiling_crew,2.0,EA,1.0,EA/crew-hour,2.0,43.0,45.0,3.0,2030-01-06T16:00,2030-01-07T09:00
9,L 1 Takt Zone 10,L 1,L 1 Room 142; L 1 Room 143,Doors,doors_crew,2.0,EA,1.0,EA/crew-hour,2.0,45.0,47.0,3.0,2030-01-07T09:00,2030-01-07T11:00
9,L 1 Takt Zone 10,L 1,L 1 Room 142; L 1 Room 143,Interior Finishes,interior_finishes_crew,71.0,SF,50.0,SF/crew-hour,1.42,77.92,79.34,0.0,2030-01-10T14:55,2030-01-10T16:20
10,L 1 Takt Zone 11,L 1,L 1 Room 145; L 1 Room 210,Interior Walls,interior_walls_crew,3.0,EA,1.0,EA/crew-hour,3.0,31.0,34.0,0.0,2030-01-05T13:00,2030-01-05T16:00
10,L 1 Takt Zone 11,L 1,L 1 Room 145; L 1 Room 210,MEP,mep_rough_in_crew,6.0,EA,1.0,EA/crew-hour,6.0,43.0,49.0,0.0,2030-01-06T16:00,2030-01-07T13:00
10,L 1 Takt Zone 11,L 1,L 1 Room 145; L 1 Room 210,Ceiling,ceiling_crew,2.0,EA,1.0,EA/crew-hour,2.0,49.0,51.0,4.0,2030-01-07T13:00,2030-01-07T15:00
10,L 1 Takt Zone 11,L 1,L 1 Room 145; L 1 Room 210,Doors,doors_crew,2.0,EA,1.0,EA/crew-hour,2.0,51.0,53.0,4.0,2030-01-07T15:00,2030-01-07T17:00
10,L 1 Takt Zone 11,L 1,L 1 Room 145; L 1 Room 210,Interior Finishes,interior_finishes_crew,134.0,SF,50.0,SF/crew-hour,2.68,79.34,82.02,0.0,2030-01-10T16:20,2030-01-11T10:01
11,L 1 Takt Zone 12,L 1,L 1 Room 211; L 1 Room 163,Interior Walls,interior_walls_crew,14.0,EA,1.0,EA/crew-hour,14.0,34.0,48.0,0.0,2030-01-05T16:00,2030-01-07T12:00
11,L 1 Takt Zone 12,L 1,L 1 Room 211; L 1 Room 163,MEP,mep_rough_in_crew,6.0,EA,1.0,EA/crew-hour,6.0,49.0,55.0,0.0,2030-01-07T13:00,2030-01-08T10:00
11,L 1 Takt Zone 12,L 1,L 1 Room 211; L 1 Room 163,Ceiling,ceiling_crew,2.0,EA,1.0,EA/crew-hour,2.0,55.0,57.0,4.0,2030-01-08T10:00,2030-01-08T12:00
11,L 1 Takt Zone 12,L 1,L 1 Room 211; L 1 Room 163,Doors,doors_crew,2.0,EA,1.0,EA/crew-hour,2.0,57.0,59.0,4.0,2030-01-08T12:00,2030-01-08T14:00
11,L 1 Takt Zone 12,L 1,L 1 Room 211; L 1 Room 163,Interior Finishes,interior_finishes_crew,1083.0,SF,50.0,SF/crew-hour,21.66,82.02,103.68,0.0,2030-01-11T10:01,2030-01-13T13:40
12,L 1 Takt Zone 13,L 1,L 1 Room 199; L 1 Room 154,Interior Walls,interior_walls_crew,7.0,EA,1.0,EA/crew-hour,7.0,48.0,55.0,0.0,2030-01-07T12:00,2030-01-08T10:00
12,L 1 Takt Zone 13,L 1,L 1 Room 199; L 1 Room 154,MEP,mep_rough_in_crew,6.0,EA,1.0,EA/crew-hour,6.0,55.0,61.0,0.0,2030-01-08T10:00,2030-01-08T16:00
12,L 1 Takt Zone 13,L 1,L 1 Room 199; L 1 Room 154,Ceiling,ceiling_crew,2.0,EA,1.0,EA/crew-hour,2.0,61.0,63.0,4.0,2030-01-08T16:00,2030-01-09T09:00
12,L 1 Takt Zone 13,L 1,L 1 Room 199; L 1 Room 154,Doors,doors_crew,2.0,EA,1.0,EA/crew-hour,2.0,63.0,65.0,4.0,2030-01-09T09:00,2030-01-09T11:00
12,L 1 Takt Zone 13,L 1,L 1 Room 199; L 1 Room 154,Interior Finishes,interior_finishes_crew,679.0,SF,50.0,SF/crew-hour,13.58,103.68,117.26,0.0,2030-01-13T13:40,2030-01-15T09:15
13,L 1 Takt Zone 14,L 1,L 1 Room 206; L 1 Room 155,Interior Walls,interior_walls_crew,12.0,EA,1.0,EA/crew-hour,12.0,55.0,67.0,0.0,2030-01-08T10:00,2030-01-09T13:00
13,L 1 Takt Zone 14,L 1,L 1 Room 206; L 1 Room 155,MEP,mep_rough_in_crew,5.0,EA,1.0,EA/crew-hour,5.0,67.0,72.0,6.0,2030-01-09T13:00,2030-01-10T09:00
13,L 1 Takt Zone 14,L 1,L 1 Room 206; L 1 Room 155,Ceiling,ceiling_crew,2.0,EA,1.0,EA/crew-hour,2.0,72.0,74.0,9.0,2030-01-10T09:00,2030-01-10T11:00
13,L 1 Takt Zone 14,L 1,L 1 Room 206; L 1 Room 155,Doors,doors_crew,2.0,EA,1.0,EA/crew-hour,2.0,74.0,76.0,9.0,2030-01-10T11:00,2030-01-10T13:00
13,L 1 Takt Zone 14,L 1,L 1 Room 206; L 1 Room 155,Interior Finishes,interior_finishes_crew,674.0,SF,50.0,SF/crew-hour,13.48,117.26,130.74,0.0,2030-01-15T09:15,2030-01-16T13:44
14,L 1 Takt Zone 15,L 1,L 1 Room 159; L 1 Room 158,Interior Walls,interior_walls_crew,5.0,EA,1.0,EA/crew-hour,5.0,67.0,72.0,0.0,2030-01-09T13:00,2030-01-10T09:00
14,L 1 Takt Zone 15,L 1,L 1 Room 159; L 1 Room 158,MEP,mep_rough_in_crew,4.0,EA,1.0,EA/crew-hour,4.0,72.0,76.0,0.0,2030-01-10T09:00,2030-01-10T13:00
14,L 1 Takt Zone 15,L 1,L 1 Room 159; L 1 Room 158,Ceiling,ceiling_crew,2.0,EA,1.0,EA/crew-hour,2.0,76.0,78.0,2.0,2030-01-10T13:00,2030-01-10T15:00
14,L 1 Takt Zone 15,L 1,L 1 Room 159; L 1 Room 158,Doors,doors_crew,2.0,EA,1.0,EA/crew-hour,2.0,78.0,80.0,2.0,2030-01-10T15:00,2030-01-10T17:00
14,L 1 Takt Zone 15,L 1,L 1 Room 159; L 1 Room 158,Interior Finishes,interior_finishes_crew,447.0,SF,50.0,SF/crew-hour,8.94,130.74,139.68,0.0,2030-01-16T13:44,2030-01-17T13:40
15,L 1 Takt Zone 16,L 1,L 1 Room 157; L 1 Room 156,Interior Walls,interior_walls_crew,5.0,EA,1.0,EA/crew-hour,5.0,72.0,77.0,0.0,2030-01-10T09:00,2030-01-10T14:00
15,L 1 Takt Zone 16,L 1,L 1 Room 157; L 1 Room 156,MEP,mep_rough_in_crew,4.0,EA,1.0,EA/crew-hour,4.0,77.0,81.0,1.0,2030-01-10T14:00,2030-01-11T09:00
15,L 1 Takt Zone 16,L 1,L 1 Room 157; L 1 Room 156,Ceiling,ceiling_crew,2.0,EA,1.0,EA/crew-hour,2.0,81.0,83.0,3.0,2030-01-11T09:00,2030-01-11T11:00
15,L 1 Takt Zone 16,L 1,L 1 Room 157; L 1 Room 156,Doors,doors_crew,2.0,EA,1.0,EA/crew-hour,2.0,83.0,85.0,3.0,2030-01-11T11:00,2030-01-11T13:00
15,L 1 Takt Zone 16,L 1,L 1 Room 157; L 1 Room 156,Interior Finishes,interior_finishes_crew,496.0,SF,50.0,SF/crew-hour,9.92,139.68,149.6,0.0,2030-01-17T13:40,2030-01-18T14:36
16,L 1 Takt Zone 8,L 1,L 1 Room 201; L 1 Room 150,Interior Walls,interior_walls_crew,37.0,EA,1.0,EA/crew-hour,37.0,77.0,114.0,0.0,2030-01-10T14:00,2030-01-14T15:00
16,L 1 Takt Zone 8,L 1,L 1 Room 201; L 1 Room 150,MEP,mep_rough_in_crew,5.0,EA,1.0,EA/crew-hour,5.0,114.0,119.0,33.0,2030-01-14T15:00,2030-01-15T11:00
16,L 1 Takt Zone 8,L 1,L 1 Room 201; L 1 Room 150,Ceiling,ceiling_crew,5.0,EA,1.0,EA/crew-hour,5.0,119.0,124.0,36.0,2030-01-15T11:00,2030-01-15T16:00
16,L 1 Takt Zone 8,L 1,L 1 Room 201; L 1 Room 150,Doors,doors_crew,11.0,EA,1.0,EA/crew-hour,11.0,124.0,135.0,39.0,2030-01-15T16:00,2030-01-17T09:00
16,L 1 Takt Zone 8,L 1,L 1 Room 201; L 1 Room 150,Interior Finishes,interior_finishes_crew,2138.0,SF,50.0,SF/crew-hour,42.76,149.6,192.36,0.0,2030-01-18T14:36,2030-01-23T12:21
